<?xml version="1.0" encoding="utf-8" ?>
<dwsync>
<file name="rio400x300.jpg" server="srv169.main-hosting.eu" local="131824548000000000" remote="131824548000000000" Dst="0" />
<file name="granta400x300.jpg" server="srv169.main-hosting.eu" local="131824548000000000" remote="131824548000000000" Dst="0" />
<file name="golf400x300.jpg" server="srv169.main-hosting.eu" local="131824548000000000" remote="131824548000000000" Dst="0" />
<file name="logan2014_white.png" server="srv169.main-hosting.eu" local="131824548000000000" remote="131824548000000000" Dst="0" />
<file name="rio700x525.jpg" server="srv169.main-hosting.eu" local="131824548000000000" remote="131824548000000000" Dst="0" />
<file name="granta700x525.jpg" server="srv169.main-hosting.eu" local="131824548000000000" remote="131824548000000000" Dst="0" />
<file name="golf700x525.jpg" server="srv169.main-hosting.eu" local="131824548000000000" remote="131824548000000000" Dst="0" />
<file name="logan400x300.jpg" server="srv169.main-hosting.eu" local="132028897578239248" remote="132028646400000000" Dst="0" />
<file name="logan700x525.jpg" server="srv169.main-hosting.eu" local="132028896452294884" remote="132028646400000000" Dst="0" />
</dwsync>